[{"id":"user-image-pexels-tomfisk-3063470.jpg","fileName":"pexels-tomfisk-3063470.jpg","name":"pexels-tomfisk-3063470","publicUrl":"https://assets.nicepagecdn.com/047cd6e5/6197280/images/pexels-tomfisk-3063470.jpg","size":1471584,"hash":"LKO5pOlIaymAjss7JHWCz6EvEYI=","width":1920,"height":1276,"folderId":null,"thumbnail":{"url":"https://assets.nicepagecdn.com/047cd6e5/6197280/images/thumbnails/pexels-tomfisk-3063470.jpg","width":150,"height":100}},{"id":"user-image-fgg-min.jpg","fileName":"fgg-min.jpg","name":"fgg-min","publicUrl":"https://assets.nicepagecdn.com/047cd6e5/6197280/images/fgg-min.jpg","size":692151,"hash":"3EgM+QNTN3d/aWNApIjQuUKndcY=","width":1980,"height":1114,"folderId":null,"thumbnail":{"url":"https://assets.nicepagecdn.com/047cd6e5/6197280/images/thumbnails/fgg-min.jpg","width":150,"height":84},"usages":["149653929"]},{"id":"user-image-561127.png","fileName":"561127.png","name":"561127","publicUrl":"https://assets.nicepagecdn.com/047cd6e5/6197280/images/561127.png","size":2275,"hash":"GSNERzv1GdUB/KM2Mr1cjLHOqDs=","width":128,"height":128,"folderId":null,"thumbnail":{"url":"https://assets.nicepagecdn.com/047cd6e5/6197280/images/561127.png","width":128,"height":128},"usages":["149653929"]},{"id":"user-image-126509.png","fileName":"126509.png","name":"126509","publicUrl":"https://assets.nicepagecdn.com/047cd6e5/6197280/images/126509.png","size":3646,"hash":"An57dv4Miv4QCVhLeSqd3a0zfpI=","width":128,"height":128,"folderId":null,"thumbnail":{"url":"https://assets.nicepagecdn.com/047cd6e5/6197280/images/126509.png","width":128,"height":128},"usages":["149653929"]}]