[{"id":1319623047,"title":"Blog Template","order":1,"templateKey":"blog","customTemplate":false,"customTemplateFilename":null,"pageLinks":[],"dateCreated":"2024-02-29T11:42:56.581Z","dateUpdated":"2024-02-29T11:43:03.084Z","folderId":null,"pageName":"Blog Template","sectionCount":1,"status":2},{"id":966301002,"title":"Post Template","order":2,"templateKey":"post","customTemplate":false,"customTemplateFilename":null,"pageLinks":[],"dateCreated":"2024-02-29T11:42:57.648Z","dateUpdated":"2024-02-29T11:43:03.087Z","folderId":null,"pageName":"Post Template","sectionCount":1,"status":2},{"id":40676882,"title":"Product List Template","order":3,"templateKey":"products","customTemplate":false,"customTemplateFilename":null,"pageLinks":[],"dateCreated":"2024-02-29T11:42:58.434Z","dateUpdated":"2024-02-29T11:43:03.089Z","folderId":null,"pageName":"Product List Template","sectionCount":1,"status":2},{"id":748221956,"title":"Product Details Template","order":4,"templateKey":"product","customTemplate":false,"customTemplateFilename":null,"pageLinks":[],"dateCreated":"2024-02-29T11:42:59.526Z","dateUpdated":"2024-02-29T11:43:03.091Z","folderId":null,"pageName":"Product Details Template","sectionCount":1,"status":2},{"id":2195525794,"title":"Shopping Cart Template","order":5,"templateKey":"cart","customTemplate":false,"customTemplateFilename":null,"pageLinks":[],"dateCreated":"2024-02-29T11:43:00.215Z","dateUpdated":"2024-02-29T11:43:03.093Z","folderId":null,"pageName":"Shopping Cart Template","sectionCount":1,"status":2},{"id":52832930,"title":"Login Template","order":7,"templateKey":"login","customTemplate":false,"customTemplateFilename":null,"pageLinks":[],"dateCreated":"2024-02-29T11:43:01.203Z","dateUpdated":"2024-02-29T11:43:03.094Z","folderId":null,"pageName":"Login Template","sectionCount":1,"status":2},{"id":58155216,"title":"Search Template","order":8,"templateKey":"Search","customTemplate":false,"customTemplateFilename":null,"pageLinks":[],"dateCreated":"2024-11-06T04:05:14.750Z","dateUpdated":"2024-11-06T04:05:15.084Z","folderId":null,"pageName":"Search Template","sectionCount":1,"status":2},{"id":300917267,"title":"Password Template","order":9,"templateKey":"password","customTemplate":false,"customTemplateFilename":null,"pageLinks":[],"dateCreated":"2024-02-29T11:43:01.744Z","dateUpdated":"2024-02-29T11:43:03.096Z","folderId":null,"pageName":"Password Template","sectionCount":1,"status":2},{"id":38676822,"title":"404 Not Found Template","order":10,"templateKey":"404","customTemplate":false,"customTemplateFilename":null,"pageLinks":[],"dateCreated":"2024-02-29T11:43:02.097Z","dateUpdated":"2024-02-29T11:43:03.098Z","folderId":null,"pageName":"404 Not Found Template","sectionCount":1,"status":2},{"id":34412560,"title":"Thank You Template","order":11,"templateKey":"ThankYou","customTemplate":false,"customTemplateFilename":null,"pageLinks":[],"dateCreated":"2024-02-29T11:43:02.646Z","dateUpdated":"2024-02-29T11:43:03.117Z","folderId":null,"pageName":"Thank You Template","sectionCount":1,"status":2},{"id":149653929,"title":"Page 1","order":11,"templateKey":null,"customTemplate":false,"customTemplateFilename":null,"pageLinks":[],"dateCreated":"2024-02-29T11:45:15.840Z","dateUpdated":"2024-11-11T21:32:47.853Z","folderId":null,"pageName":"Page 1_149653929","sectionCount":2,"status":2}]